Region,Total_Sales,Profit,Shipping_Cost,Orders,Profit_Margin,Sales_Share_%,Profit_Share_%,Profit_per_Order
Europe,137006.22,45672.16,6189.37,503,0.33335829570365494,28.274389376758187,28.747713887478955,90.79952286282307
North America,133876.41,45250.09,5806.83,578,0.3379989798053294,27.62848098942167,28.482047722347097,78.28735294117647
Asia Pacific,121707.56,39116.61,7531.15,520,0.3213983584914528,25.1171584876596,24.62141296860271,75.22425
South America,46051.13,14680.98,2949.85,191,0.31879738890229187,9.503711443609713,9.240741244289753,76.86376963350786
Middle East & Africa,45918.11,14152.48,3327.04,208,0.30821129179750645,9.47625970255083,8.908084177281479,68.04076923076923
