Customer_Segment,Total_Sales,Profit,Orders,Profit_Margin,Sales_Share_%,Profit_Share_%,Profit_per_Order
Consumer,256287.81,87300.36,1006,0.34063407073477275,52.89089307373504,54.950012689435134,86.77968190854871
Corporate,146050.38,44463.44,623,0.30443905726229537,30.14086012112075,27.98690168306222,71.36988764044945
Home Office,82221.24,27108.52,371,0.32970215482033594,16.96824680514421,17.063085627502637,73.06878706199461
