Discount_Bucket,Avg_Sales,Avg_Profit,Order_Count
0-10%,254.22219665271967,90.49298465829847,1434
10-20%,210.611683991684,53.65588357588358,481
20-30%,220.00682352941178,38.787058823529414,85
