Payment_Method,Total_Sales,Profit,Orders,Profit_Margin,Sales_Share_%,Profit_Share_%
Credit Card,192717.93,62323.24,797,0.32339097872211475,39.771784030701866,39.22850752100806
Paypal,143112.94,47288.8,609,0.33042993876025467,29.534651714445015,29.765285733852192
Cash On Delivery,77129.53,25704.89,301,0.33326911236202267,15.917455161279184,16.179590000322268
Bank Transfer,71599.03,23555.39,293,0.32899035084693184,14.77610909357393,14.826616744817473
