Year,Total_Sales,Profit,Sales_Growth_%,Profit_Growth_%
2023,164443.51,53153.74,,
2024,155150.71,51616.11,-5.651059138788761,-2.8927973835895626
2025,164965.21,54102.47,6.325784780488597,4.817023212326532
